-- --------------------------------------------------------
-- Host:                         127.0.0.1
-- Server version:               5.6.17 - MySQL Community Server (GPL)
-- Server OS:                    Win32
-- HeidiSQL Version:             9.2.0.4947
-- --------------------------------------------------------

/*!40101 SET @OLD_CHARACTER_SET_CLIENT=@@CHARACTER_SET_CLIENT */;
/*!40101 SET NAMES utf8mb4 */;
/*!40014 SET @OLD_FOREIGN_KEY_CHECKS=@@FOREIGN_KEY_CHECKS, FOREIGN_KEY_CHECKS=0 */;
/*!40101 SET @OLD_SQL_MODE=@@SQL_MODE, SQL_MODE='NO_AUTO_VALUE_ON_ZERO' */;
-- Dumping data for table salon.tbl_country: ~246 rows (approximately)
/*!40000 ALTER TABLE `tbl_country` DISABLE KEYS */;
INSERT INTO `tbl_country` (`id`, `name`, `alpha2_code`, `alpha3_code`, `immigration_code`, `phone_code`) VALUES
	(1, 'Andorra', 'AD', 'AND', 'ANDO', 376),
	(2, 'United Arab Emirates', 'AE', 'ARE', 'UAE', 971),
	(3, 'Afghanistan', 'AF', 'AFG', 'AFGH', 93),
	(4, 'Antigua And Barbuda', 'AG', 'ATG', 'ANTI', 268),
	(5, 'Anguilla', 'AI', 'AIA', 'ANGU', 264),
	(6, 'Albania', 'AL', 'ALB', 'ALB', 355),
	(7, 'Armenia', 'AM', 'ARM', 'ARM', 374),
	(8, 'Netherlands Antilles', 'AN', 'ANT', NULL, 599),
	(9, 'Angola', 'AO', 'AGO', 'ANGL', 244),
	(10, 'Antarctica', 'AQ', 'ATA', NULL, 672),
	(11, 'Argentina', 'AR', 'ARG', 'ARG', 54),
	(12, 'American Samoa', 'AS', 'ASM', NULL, 684),
	(13, 'Austria', 'AT', 'AUT', 'AUST', 43),
	(14, 'Australia', 'AU', 'AUS', 'ASTL', 61),
	(15, 'Aruba', 'AW', 'ABW', 'ARUB', 297),
	(16, 'Azerbaijan', 'AZ', 'AZE', 'AZR', 994),
	(17, 'Bosnia And Herzegovina', 'BA', 'BIH', 'BIH', 387),
	(18, 'Barbados', 'BB', 'BDS', 'BRDO', 246),
	(19, 'Bangladesh', 'BD', 'BGD', 'BANG', 880),
	(20, 'Belgium', 'BE', 'BEL', 'BELG', 32),
	(21, 'Burkina Faso', 'BF', 'BFA', 'BURK', 226),
	(22, 'Bulgaria', 'BG', 'BGR', 'BULG', 359),
	(23, 'Bahrain', 'BH', 'BHR', 'BAHR', 973),
	(24, 'Burundi', 'BI', 'BDI', 'BRND', 257),
	(25, 'Benin', 'BJ', 'BEN', 'BENN', 229),
	(26, 'Bermuda', 'BM', 'BMU', 'BERM', 441),
	(27, 'Brunei Darussalam', 'BN', 'BRN', 'BRNI', 673),
	(28, 'Bolivia', 'BO', 'BOL', 'BOL', 591),
	(29, 'Brazil', 'BR', 'BRA', 'BRZL', 55),
	(30, 'Bahamas', 'BS', 'BHS', 'BAMA', 242),
	(31, 'Bhutan', 'BT', 'BTN', 'BHU', 975),
	(32, 'Bouvet Island', 'BV', 'BVT', NULL, NULL),
	(33, 'Botswana', 'BW', 'BWA', 'BOT', 267),
	(34, 'Belarus', 'BY', 'BLR', 'BYS', 375),
	(35, 'Belize', 'BZ', 'BLZ', 'BLZ', 501),
	(36, 'Canada', 'CA', 'CDN', 'CAN', 1),
	(37, 'Cocos (Keeling) Islands', 'CC', 'CCK', NULL, 61),
	(38, 'Central African Republic', 'CF', 'CAF', 'CAFR', 236),
	(39, 'Congo', 'CG', 'COD', 'COD', 242),
	(40, 'Switzerland', 'CH', 'CHE', 'SWTZ', 41),
	(41, 'Cote D\'Ivoire', 'CI', 'CIV', 'IVCO', 225),
	(42, 'Cook Islands', 'CK', 'COK', NULL, 682),
	(43, 'Chile', 'CL', 'CHL', 'CHIL', 56),
	(44, 'Cameroon', 'CM', 'CMR', 'CMRN', 237),
	(45, 'China', 'CN', 'CHN', 'CHIN', 86),
	(46, 'Colombia', 'CO', 'COL', 'COL', 57),
	(47, 'Costa Rica', 'CR', 'CRI', 'CSTR', 506),
	(48, 'Cuba', 'CU', 'CUB', 'CUBA', 53),
	(49, 'Cape Verde', 'CV', 'CPV', 'CAVI', 238),
	(50, 'Christmas Island', 'CX', 'CXR', NULL, 61),
	(51, 'Cyprus', 'CY', 'CYP', 'CYPR', 357),
	(52, 'Czech Republic', 'CZ', 'CZE', 'CZEC', 420),
	(53, 'Germany', 'DE', 'DEU', 'GER', 49),
	(54, 'Djibouti', 'DJ', 'DJI', 'DJI', 253),
	(55, 'Denmark', 'DK', 'DNK', 'DEN', 45),
	(56, 'Dominica', 'DM', 'DMA', 'DOMN', 767),
	(57, 'Dominican Republic', 'DO', 'DOM', 'DOMR', 809),
	(58, 'Algeria', 'DZ', 'DZA', 'ALGR', 213),
	(59, 'Ecuador', 'EC', 'ECU', 'ECUA', 593),
	(60, 'Estonia', 'EE', 'EST', 'EST', 372),
	(61, 'Egypt', 'EG', 'EGY', 'EGYP', 20),
	(62, 'Western Sahara', 'EH', 'ESH', 'WSAH', 212),
	(63, 'Eritrea', 'ER', 'ERI', 'ERI', 291),
	(64, 'Spain', 'ES', 'ESP', 'SPN', 34),
	(65, 'Ethiopia', 'ET', 'ETH', 'ETH', 251),
	(66, 'Finland', 'FI', 'FIN', 'FIN', 358),
	(67, 'Fiji', 'FJ', 'FJI', 'FIJI', 679),
	(68, 'Falkland Islands (Malvinas)', 'FK', 'FLK', NULL, 500),
	(69, 'Micronesia, Federated States Of', 'FM', 'FSM', 'FSM', 691),
	(70, 'Faroe Islands', 'FO', 'FRO', NULL, 298),
	(71, 'France', 'FR', 'FRA', 'FRAN', 33),
	(72, 'France, Metropolitan', 'FX', 'FXX', NULL, NULL),
	(73, 'Gabon', 'GA', 'GAB', 'GABN', 241),
	(74, 'United Kingdom', 'GB', 'GBR', 'GRBR', 44),
	(75, 'Grenada', 'GD', 'GRD', 'GREN', 473),
	(76, 'Georgia', 'GE', 'GEO', 'GRZ', 995),
	(77, 'French Guiana', 'GF', 'GUF', 'FGUI', 594),
	(78, 'Ghana', 'GH', 'GHA', 'GHAN', 233),
	(79, 'Gibraltar', 'GI', 'GIB', 'GIBR', 350),
	(80, 'Greenland', 'GL', 'GRL', 'GRND', 299),
	(81, 'Gambia', 'GM', 'GMB', 'GAM', 220),
	(82, 'Guinea', 'GN', 'GIN', 'GNEA', 224),
	(83, 'Guadeloupe', 'GP', 'GLP', 'GUAD', 590),
	(84, 'Equatorial Guinea', 'GQ', 'GNQ', 'EGN', 240),
	(85, 'Greece', 'GR', 'GRC', 'GRC', 30),
	(86, 'South Georgia And The South Sandwich Islands', 'GS', 'SGS', NULL, NULL),
	(87, 'Guatemala', 'GT', 'GTM', 'GUAT', 502),
	(88, 'Guam', 'GU', 'GUM', NULL, 671),
	(89, 'Guinea-Bissau', 'GW', 'GNB', 'GUIB', 245),
	(90, 'Guyana', 'GY', 'GUY', 'GUY', 592),
	(91, 'Hong Kong', 'HK', 'HKG', 'HNK', 852),
	(92, 'Heard Island & Mcdonald Islands', 'HM', 'HMD', NULL, 334),
	(93, 'Honduras', 'HN', 'HND', 'HOND', 504),
	(94, 'Croatia (Local Name: Hrvatska)', 'HR', 'HRV', 'HRV', 385),
	(95, 'Haiti', 'HT', 'HTI', 'HAT', 509),
	(96, 'Hungary', 'HU', 'HUN', 'HUNG', 36),
	(97, 'Indonesia', 'ID', 'IDN', 'IDSA', 62),
	(98, 'Ireland', 'IE', 'IRL', 'IRE', 353),
	(99, 'Israel', 'IL', 'ISR', 'ISRL', 972),
	(100, 'India', 'IN', 'IND', 'IND', 91),
	(101, 'British Indian Ocean Territory', 'IO', 'IOT', 'BIOT', 246),
	(102, 'Iraq', 'IQ', 'IRQ', 'IRAQ', 964),
	(103, 'Iran, Islamic Republic Of', 'IR', 'IRN', 'IRAN', 98),
	(104, 'Iceland', 'IS', 'ISL', 'ICLD', 354),
	(105, 'Italy', 'IT', 'ITA', 'ITLY', 39),
	(106, 'Jamaica', 'JM', 'JAM', 'JAM', 876),
	(107, 'Jordan', 'JO', 'JOR', 'JORD', 962),
	(108, 'Japan', 'JP', 'JPN', 'JPN', 81),
	(109, 'Kenya', 'KE', 'KEN', 'KENY', 254),
	(110, 'Kyrgyzstan', 'KG', 'KGZ', 'KGZ', 996),
	(111, 'Cambodia', 'KH', 'KHM', 'CBDA', 855),
	(112, 'Kiribati', 'KI', 'KIR', 'KIRI', 686),
	(113, 'Comoros', 'KM', 'COM', 'COMO', 269),
	(114, 'Saint Kitts And Nevis', 'KN', 'KNA', 'STCN', 869),
	(115, 'Korea, Democratic People\'s Republic Of', 'KP', 'PRK', 'PRK', 850),
	(116, 'Korea, Republic Of', 'KR', 'KOR', 'KOR', 82),
	(117, 'Kuwait', 'KW', 'KWT', 'KUWT', 965),
	(118, 'Cayman Islands', 'KY', 'CYM', NULL, 345),
	(119, 'Kazakhstan', 'KZ', 'KAZ', 'KAZ', 7),
	(120, 'Lao People\'s Democratic Republic', 'LA', 'LAO', 'LAOS', 856),
	(121, 'Lebanon', 'LB', 'LBN', 'LEBN', 961),
	(122, 'Saint Lucia', 'LC', 'LCA', 'SLCA', 758),
	(123, 'Liechtenstein', 'LI', 'LIE', 'LCHT', 423),
	(124, 'Sri Lanka', 'LK', 'LKA', 'SRL', 94),
	(125, 'Liberia', 'LR', 'LBR', 'LIBR', 231),
	(126, 'Lesotho', 'LS', 'LSO', 'LES', 266),
	(127, 'Lithuania', 'LT', 'LTU', 'LITH', 370),
	(128, 'Luxembourg', 'LU', 'LUX', 'LXM', 352),
	(129, 'Latvia', 'LV', 'LVA', 'LATV', 371),
	(130, 'Libyan Arab Jamahiriya', 'LY', 'LBY', 'LBYA', 218),
	(131, 'Morocco', 'MA', 'MAR', 'MORO', 212),
	(132, 'Monaco', 'MC', 'MCO', 'MON', 377),
	(133, 'Moldova, Republic Of', 'MD', 'MDA', 'MLD', 373),
	(134, 'Montenegro', 'ME', 'MNE', 'MGRO', 382),
	(135, 'Madagascar', 'MG', 'MDG', 'MADG', 261),
	(136, 'Marshall Islands, Republic Of', 'MH', 'MHL', 'RMI', 692),
	(137, 'Macedonia, The Former Yugoslav Republic Of', 'MK', 'MKD', 'MKD', 389),
	(138, 'Mali', 'ML', 'MLI', 'MALI', 223),
	(139, 'Myanmar', 'MM', 'MMR', 'BURM', 95),
	(140, 'Mongolia', 'MN', 'MNG', 'MONG', 976),
	(141, 'Macau', 'MO', 'MAC', 'MAC', 853),
	(142, 'Northern Mariana Islands', 'MP', 'MNP', NULL, 670),
	(143, 'Martinique', 'MQ', 'MTQ', 'MART', 596),
	(144, 'Mauritania', 'MR', 'MRT', 'MAUR', 222),
	(145, 'Montserrat', 'MS', 'MSR', 'MONT', 664),
	(146, 'Malta', 'MT', 'MLT', 'MLTA', 356),
	(147, 'Mauritius', 'MU', 'MUS', 'MRTS', 230),
	(148, 'Maldives', 'MV', 'MDV', 'MLDV', 960),
	(149, 'Malawi', 'MW', 'MWI', 'MALW', 265),
	(150, 'Mexico', 'MX', 'MEX', 'MEX', 52),
	(151, 'Malaysia', 'MY', 'MYS', 'MLAS', 60),
	(152, 'Mozambique', 'MZ', 'MOZ', 'MOZ', 258),
	(153, 'Namibia', 'NA', 'NAM', 'NAMB', 264),
	(154, 'New Caledonia', 'NC', 'NCL', 'NWCL', 687),
	(155, 'Niger', 'NE', 'NER', 'NIR', 227),
	(156, 'Norfolk Island', 'NF', 'NFK', NULL, 672),
	(157, 'Nigeria', 'NG', 'NGA', 'NRA', 234),
	(158, 'Nicaragua', 'NI', 'NIC', 'NIC', 505),
	(159, 'Netherlands', 'NL', 'NLD', 'NETH', 31),
	(160, 'Norway', 'NO', 'NOR', 'NORW', 47),
	(161, 'Nepal', 'NP', 'NPL', 'NEP', 977),
	(162, 'Nauru', 'NR', 'NRU', 'NAU', 674),
	(163, 'Niue', 'NU', 'NIU', NULL, 683),
	(164, 'New Zealand', 'NZ', 'NZL', 'NZLD', 64),
	(165, 'Oman', 'OM', 'OMN', 'OMAN', 968),
	(166, 'Panama', 'PA', 'PAN', 'PAN', 507),
	(167, 'Peru', 'PE', 'PER', 'PERU', 51),
	(168, 'French Polynesia', 'PF', 'PYF', 'FPOL', 689),
	(169, 'Papua New Guinea', 'PG', 'PNG', 'PNG', 675),
	(170, 'Philippines', 'PH', 'PHL', 'PHIL', 63),
	(171, 'Pakistan', 'PK', 'PAK', 'PKST', 92),
	(172, 'Poland', 'PL', 'POL', 'POL', 48),
	(173, 'Saint Pierre And Miquelon', 'PM', 'SPM', NULL, 508),
	(174, 'Pitcairn', 'PN', 'PCN', 'PITC', 870),
	(175, 'Puerto Rico', 'PR', 'PRI', NULL, 1),
	(176, 'Portugal', 'PT', 'PRT', 'PORT', 351),
	(177, 'Palau', 'PW', 'PLW', 'PALA', 680),
	(178, 'Paraguay', 'PY', 'PRY', 'PARA', 595),
	(179, 'Qatar', 'QA', 'QAT', 'QTAR', 974),
	(180, 'Reunion', 'RE', 'REU', 'REUN', 262),
	(181, 'Romania', 'RO', 'ROU', 'ROM', 40),
	(182, 'Serbia', 'RS', 'SRB', 'SERB', 381),
	(183, 'Russian Federation', 'RU', 'RUS', 'RUS', 7),
	(184, 'Rwanda', 'RW', 'RWA', 'RWND', 250),
	(185, 'Saudi Arabia', 'SA', 'SAU', 'SARB', 966),
	(186, 'Solomon Islands', 'SB', 'SLB', 'SLMN', 677),
	(187, 'Seychelles', 'SC', 'SYC', 'SEYC', 248),
	(188, 'Sudan', 'SD', 'SDN', 'SUDA', 249),
	(189, 'Sweden', 'SE', 'SWE', 'SWDN', 46),
	(190, 'Singapore', 'SG', 'SGP', 'SING', 65),
	(191, 'Saint Helena', 'SH', 'SHN', NULL, 290),
	(192, 'Slovenia', 'SI', 'SVN', 'SVN', 386),
	(193, 'Svalbard And Jan Mayen Islands', 'SJ', 'SJM', NULL, NULL),
	(194, 'Slovakia (Slovak Republic)', 'SK', 'SVK', 'SVK', 421),
	(195, 'Sierra Leone', 'SL', 'SLE', 'SLEO', 232),
	(196, 'San Marino', 'SM', 'SMR', 'SMAR', 378),
	(197, 'Senegal', 'SN', 'SEN', 'SENG', 221),
	(198, 'Somalia', 'SO', 'SOM', 'SOMA', 252),
	(199, 'Suriname', 'SR', 'SUR', 'SURM', 597),
	(200, 'São Tomé And Principe', 'ST', 'STP', 'STPR', 239),
	(201, 'El Salvador', 'SV', 'SLV', 'ELSL', 503),
	(202, 'Syrian Arab Republic', 'SY', 'SYR', 'SYR', 963),
	(203, 'Swaziland', 'SZ', 'SWZ', 'SZLD', 268),
	(204, 'Turks And Caicos Islands', 'TC', 'TCA', 'TUCA', 649),
	(205, 'Chad', 'TD', 'TCD', 'CHAD', 235),
	(206, 'French Southern Territories', 'TF', 'ATF', 'FSAT', NULL),
	(207, 'Togo', 'TG', 'TGO', 'TOGO', 228),
	(208, 'Thailand', 'TH', 'THA', 'THAI', 66),
	(209, 'Tajikistan', 'TJ', 'TJK', 'TJK', 992),
	(210, 'Tokelau', 'TK', 'TKL', NULL, 690),
	(211, 'Timor-Leste', 'TL', 'TLS', 'EAST', 670),
	(212, 'Turkmenistan', 'TM', 'TKM', 'TKM', 993),
	(213, 'Tunisia', 'TN', 'TUN', 'TNSA', 216),
	(214, 'Tonga', 'TO', 'TON', 'TONG', 676),
	(215, 'Turkey', 'TR', 'TUR', 'TRKY', 90),
	(216, 'Trinidad And Tobago', 'TT', 'TTO', 'TRIN', 868),
	(217, 'Tuvalu', 'TV', 'TUV', 'TUV', 688),
	(218, 'Taiwan, Province Of China', 'TW', 'TWN', 'TWAN', 886),
	(219, 'Tanzania, United Republic Of', 'TZ', 'TZA', 'TAZN', 255),
	(220, 'Ukraine', 'UA', 'UKR', 'UKR', 380),
	(221, 'Uganda', 'UG', 'UGA', 'UGAN', 256),
	(222, 'United States Minor Outlying Islands', 'UM', 'UMI', NULL, NULL),
	(223, 'United States', 'US', 'USA', 'USA', 1),
	(224, 'Uruguay', 'UY', 'URY', 'URU', 598),
	(225, 'Uzbekistan', 'UZ', 'UZB', 'UZB', 998),
	(226, 'Vatican City State (Holy See)', 'VA', 'VAT', 'VAT', 39),
	(227, 'Saint Vincent And The Grenadines', 'VC', 'VCT', 'STVN', 784),
	(228, 'Venezuela', 'VE', 'VEN', 'VENZ', 58),
	(229, 'Virgin Islands (British)', 'VG', 'VGB', 'BRVI', 284),
	(230, 'Virgin Islands (U.S.)', 'VI', 'VIR', 'USVI', 340),
	(231, 'Viet Nam', 'VN', 'VNM', 'VTNM', 84),
	(232, 'Vanuatu', 'VU', 'VUT', 'VANU', 678),
	(233, 'Wallis And Futuna Islands', 'WF', 'WLF', 'WALF', 681),
	(234, 'Samoa', 'WS', 'WSM', 'WSAM', 685),
	(235, 'Yemen', 'YE', 'YEM', 'YEM', 967),
	(236, 'Mayotte', 'YT', 'MYT', 'MAYO', 262),
	(237, 'Yugoslavia', 'YU', 'YUG', NULL, 38),
	(238, 'South Africa', 'ZA', 'ZAF', 'SAFR', 27),
	(239, 'Zambia', 'ZM', 'ZMB', 'ZAMB', 260),
	(240, 'Zaire', 'ZR', 'ZRE', NULL, 243),
	(241, 'Zimbabwe', 'ZW', 'ZWE', 'ZIMB', 263),
	(242, 'Guernsey', 'GG', 'GGY', 'GUER', 44),
	(243, 'Jersey', 'JE', 'JEY', 'JERS', 44),
	(244, 'Isle Of Man', 'IM', 'IMN', 'IMAN', 44),
	(245, 'European Union', 'EU', NULL, NULL, NULL),
	(246, 'Eastern Caribbean', 'OE', NULL, NULL, NULL);
/*!40000 ALTER TABLE `tbl_country` ENABLE KEYS */;

-- Dumping data for table salon.tbl_currency: ~162 rows (approximately)
/*!40000 ALTER TABLE `tbl_currency` DISABLE KEYS */;
INSERT INTO `tbl_currency` (`id`, `country_id`, `name`, `iso4217_code`, `symbol`) VALUES
	(1, 2, 'United Arab Emirates, Dirhams', 'AED', NULL),
	(2, 3, 'Afghanistan, Afghanis', 'AFN', NULL),
	(3, 6, 'Albania, Leke', 'ALL', 'Lek'),
	(4, 7, 'Armenia, Drams', 'AMD', NULL),
	(5, 8, 'Netherlands Antilles, Guilders (also called Florins)', 'ANG', 'ƒ'),
	(6, 9, 'Angola, Kwanza', 'AOA', NULL),
	(7, 11, 'Argentina, Pesos', 'ARS', '$'),
	(8, 14, 'Australia, Dollars', 'AUD', '$'),
	(9, 15, 'Aruba, Guilders (also called Florins)', 'AWG', 'ƒ'),
	(10, 16, 'Azerbaijan, New Manats', 'AZN', 'ман'),
	(11, 17, 'Bosnia And Herzegovina, Convertible Marka', 'BAM', 'KM'),
	(12, 18, 'Barbados, Dollars', 'BBD', '$'),
	(13, 19, 'Bangladesh, Taka', 'BDT', NULL),
	(14, 22, 'Bulgaria, Leva', 'BGN', 'лв'),
	(15, 23, 'Bahrain, Dinars', 'BHD', NULL),
	(16, 24, 'Burundi, Francs', 'BIF', NULL),
	(17, 26, 'Bermuda, Dollars', 'BMD', '$'),
	(18, 27, 'Brunei Darussalam, Dollars', 'BND', '$'),
	(19, 28, 'Bolivia, Bolivianos', 'BOB', '$b'),
	(20, 29, 'Brazil, Brazil Real', 'BRL', 'R$'),
	(21, 30, 'Bahamas, Dollars', 'BSD', '$'),
	(22, 31, 'Bhutan, Ngultrum', 'BTN', NULL),
	(23, 33, 'Botswana, Pulas', 'BWP', 'P'),
	(24, 34, 'Belarus, Rubles', 'BYR', 'p.'),
	(25, 35, 'Belize, Dollars', 'BZD', 'BZ$'),
	(26, 36, 'Canada, Dollars', 'CAD', '$'),
	(27, 39, 'Congo/Kinshasa, Congolese Francs', 'CDF', NULL),
	(28, 40, 'Switzerland, Francs', 'CHF', 'CHF'),
	(29, 43, 'Chile, Pesos', 'CLP', '$'),
	(30, 45, 'China, Yuan Renminbi', 'CNY', '¥'),
	(31, 46, 'Colombia, Pesos', 'COP', '$'),
	(32, 47, 'Costa Rica, Colones', 'CRC', '₡'),
	(33, 48, 'Cuba, Pesos', 'CUP', '₱'),
	(34, 49, 'Cape Verde, Escudos', 'CVE', NULL),
	(35, 51, 'Cyprus, Pounds (expires 2008-Jan-31)', 'CYP', NULL),
	(36, 52, 'Czech Republic, Koruny', 'CZK', 'Kč'),
	(37, 54, 'Djibouti, Francs', 'DJF', NULL),
	(38, 55, 'Denmark, Kroner', 'DKK', 'kr'),
	(39, 57, 'Dominican Republic, Pesos', 'DOP', 'RD$'),
	(40, 58, 'Algeria, Algeria Dinars', 'DZD', NULL),
	(41, 61, 'Egypt, Pounds', 'EGP', '£'),
	(42, 63, 'Eritrea, Nakfa', 'ERN', NULL),
	(43, 65, 'Ethiopia, Birr', 'ETB', NULL),
	(44, 245, 'Euro Member Countries, Euro', 'EUR', '€'),
	(45, 67, 'Fiji, Dollars', 'FJD', '$'),
	(46, 68, 'Falkland Islands (Malvinas), Pounds', 'FKP', '£'),
	(47, 74, 'United Kingdom, Pounds', 'GBP', '£'),
	(48, 76, 'Georgia, Lari', 'GEL', NULL),
	(49, 242, 'Guernsey, Pounds', 'GGP', '£'),
	(50, 78, 'Ghana, Cedis', 'GHS', '¢'),
	(51, 79, 'Gibraltar, Pounds', 'GIP', '£'),
	(52, 81, 'Gambia, Dalasi', 'GMD', NULL),
	(53, 82, 'Guinea, Francs', 'GNF', NULL),
	(54, 87, 'Guatemala, Quetzales', 'GTQ', 'Q'),
	(55, 90, 'Guyana, Dollars', 'GYD', '$'),
	(56, 91, 'Hong Kong, Dollars', 'HKD', '$'),
	(57, 93, 'Honduras, Lempiras', 'HNL', 'L'),
	(58, 94, 'Croatia, Kuna', 'HRK', 'kn'),
	(59, 95, 'Haiti, Gourdes', 'HTG', NULL),
	(60, 96, 'Hungary, Forint', 'HUF', 'Ft'),
	(61, 97, 'Indonesia, Rupiahs', 'IDR', 'Rp'),
	(62, 99, 'Israel, New Shekels', 'ILS', '₪'),
	(63, 244, 'Isle Of Man, Pounds', 'IMP', '£'),
	(64, 100, 'India, Rupees', 'INR', NULL),
	(65, 102, 'Iraq, Dinars', 'IQD', NULL),
	(66, 103, 'Iran, Rials', 'IRR', NULL),
	(67, 104, 'Iceland, Kronur', 'ISK', 'kr'),
	(68, 243, 'Jersey, Pounds', 'JEP', '£'),
	(69, 106, 'Jamaica, Dollars', 'JMD', 'J$'),
	(70, 107, 'Jordan, Dinars', 'JOD', NULL),
	(71, 108, 'Japan, Yen', 'JPY', '¥'),
	(72, 109, 'Kenya, Shillings', 'KES', NULL),
	(73, 110, 'Kyrgyzstan, Soms', 'KGS', 'лв'),
	(74, 111, 'Cambodia, Riels', 'KHR', NULL),
	(75, 113, 'Comoros, Francs', 'KMF', NULL),
	(76, 115, 'Korea (North), Won', 'KPW', '₩'),
	(77, 116, 'Korea (South), Won', 'KRW', '₩'),
	(78, 117, 'Kuwait, Dinars', 'KWD', NULL),
	(79, 118, 'Cayman Islands, Dollars', 'KYD', '$'),
	(80, 119, 'Kazakhstan, Tenge', 'KZT', 'лв'),
	(81, 120, 'Laos, Kips', 'LAK', '₭'),
	(82, 121, 'Lebanon, Pounds', 'LBP', '£'),
	(83, 124, 'Sri Lanka, Rupees', 'LKR', '₨'),
	(84, 125, 'Liberia, Dollars', 'LRD', '$'),
	(85, 126, 'Lesotho, Maloti', 'LSL', NULL),
	(86, 127, 'Lithuania, Litai', 'LTL', 'Lt'),
	(87, 129, 'Latvia, Lati', 'LVL', 'Ls'),
	(88, 130, 'Libya, Dinars', 'LYD', NULL),
	(89, 131, 'Morocco, Dirhams', 'MAD', NULL),
	(90, 133, 'Moldova, Lei', 'MDL', NULL),
	(91, 135, 'Madagascar, Ariary', 'MGA', NULL),
	(92, 137, 'Macedonia, Denars', 'MKD', 'ден'),
	(93, 139, 'Myanmar (Burma), Kyats', 'MMK', NULL),
	(94, 140, 'Mongolia, Tugriks', 'MNT', '₮'),
	(95, 141, 'Macau, Patacas', 'MOP', NULL),
	(96, 144, 'Mauritania, Ouguiyas', 'MRO', NULL),
	(97, 146, 'Malta, Liri (expires 2008-Jan-31)', 'MTL', NULL),
	(98, 147, 'Mauritius, Rupees', 'MUR', '₨'),
	(99, 148, 'Maldives (Maldive Islands), Rufiyaa', 'MVR', NULL),
	(100, 149, 'Malawi, Kwachas', 'MWK', NULL),
	(101, 150, 'Mexico, Pesos', 'MXN', '$'),
	(102, 151, 'Malaysia, Ringgits', 'MYR', 'RM'),
	(103, 152, 'Mozambique, Meticais', 'MZN', 'MT'),
	(104, 153, 'Namibia, Dollars', 'NAD', '$'),
	(105, 157, 'Nigeria, Nairas', 'NGN', '₦'),
	(106, 158, 'Nicaragua, Cordobas', 'NIO', 'C$'),
	(107, 160, 'Norway, Krone', 'NOK', 'kr'),
	(108, 161, 'Nepal, Nepal Rupees', 'NPR', '₨'),
	(109, 164, 'New Zealand, Dollars', 'NZD', '$'),
	(110, 165, 'Oman, Rials', 'OMR', NULL),
	(111, 166, 'Panama, Balboa', 'PAB', 'B/.'),
	(112, 167, 'Peru, Nuevos Soles', 'PEN', 'S/.'),
	(113, 169, 'Papua New Guinea, Kina', 'PGK', NULL),
	(114, 170, 'Philippines, Pesos', 'PHP', '₱'),
	(115, 171, 'Pakistan, Rupees', 'PKR', '₨'),
	(116, 172, 'Poland, Zlotych', 'PLN', 'zł'),
	(117, 178, 'Paraguay, Guarani', 'PYG', 'Gs'),
	(118, 179, 'Qatar, Rials', 'QAR', NULL),
	(119, 181, 'Romania, New Lei', 'RON', 'lei'),
	(120, 182, 'Serbia, Dinars', 'RSD', 'Дин.'),
	(121, 183, 'Russia, Rubles', 'RUB', 'руб'),
	(122, 184, 'Rwanda, Rwanda Francs', 'RWF', NULL),
	(123, 185, 'Saudi Arabia, Riyals', 'SAR', NULL),
	(124, 186, 'Solomon Islands, Dollars', 'SBD', '$'),
	(125, 187, 'Seychelles, Rupees', 'SCR', '₨'),
	(126, 188, 'Sudan, Pounds', 'SDG', NULL),
	(127, 189, 'Sweden, Kronor', 'SEK', 'kr'),
	(128, 190, 'Singapore, Dollars', 'SGD', '$'),
	(129, 191, 'Saint Helena, Pounds', 'SHP', '£'),
	(130, 195, 'Sierra Leone, Leones', 'SLL', NULL),
	(131, 198, 'Somalia, Shillings', 'SOS', 'S'),
	(132, 105, 'Seborga, Luigini', 'SPL', NULL),
	(133, 199, 'Suriname, Dollars', 'SRD', '$'),
	(134, 200, 'São Tome And Principe, Dobras', 'STD', ''),
	(135, 201, 'El Salvador, Colones', 'SVC', '$'),
	(136, 202, 'Syria, Pounds', 'SYP', '£'),
	(137, 203, 'Swaziland, Emalangeni', 'SZL', NULL),
	(138, 208, 'Thailand, Baht', 'THB', '฿'),
	(139, 209, 'Tajikistan, Somoni', 'TJS', NULL),
	(140, 212, 'Turkmenistan, Manats', 'TMM', NULL),
	(141, 213, 'Tunisia, Dinars', 'TND', NULL),
	(142, 214, 'Tonga, Pa&#039;anga', 'TOP', NULL),
	(143, 215, 'Turkey, New Lira', 'TRY', NULL),
	(144, 216, 'Trinidad And Tobago, Dollars', 'TTD', 'TT$'),
	(145, 217, 'Tuvalu, Tuvalu Dollars', 'TVD', '$'),
	(146, 218, 'Taiwan, New Dollars', 'TWD', 'NT$'),
	(147, 219, 'Tanzania, Shillings', 'TZS', NULL),
	(148, 220, 'Ukraine, Hryvnia', 'UAH', '₴'),
	(149, 221, 'Uganda, Shillings', 'UGX', NULL),
	(150, 223, 'United States Of America, Dollars', 'USD', '$'),
	(151, 224, 'Uruguay, Pesos', 'UYU', '$U'),
	(152, 225, 'Uzbekistan, Sums', 'UZS', 'лв'),
	(153, 228, 'Venezuela, Bolivares (expires 2008-Jun-30)', 'VEB', NULL),
	(154, 228, 'Venezuela, Bolivares Fuertes', 'VEF', 'Bs'),
	(155, 231, 'Viet Nam, Dong', 'VND', '₫'),
	(156, 232, 'Vanuatu, Vatu', 'VUV', NULL),
	(157, 234, 'Samoa, Tala', 'WST', NULL),
	(158, 246, 'East Caribbean Dollars', 'XCD', '$'),
	(159, 235, 'Yemen, Rials', 'YER', NULL),
	(160, 238, 'South Africa, Rand', 'ZAR', 'R'),
	(161, 239, 'Zambia, Kwacha', 'ZMK', NULL),
	(162, 241, 'Zimbabwe, Zimbabwe Dollars', 'ZWD', 'Z$');
/*!40000 ALTER TABLE `tbl_currency` ENABLE KEYS */;

-- Dumping data for table salon.tbl_district: ~696 rows (approximately)
/*!40000 ALTER TABLE `tbl_district` DISABLE KEYS */;
INSERT INTO `tbl_district` (`id`, `province_id`, `name`, `code`) VALUES
	(1, 1, 'Huyện An Phú', 'AP'),
	(2, 1, 'Thị xã Châu Đốc', 'CD'),
	(3, 1, 'Huyện Chợ Mới', 'CM'),
	(4, 1, 'Huyện Châu Phú', 'CP'),
	(5, 1, 'Huyện Châu Thành', 'CT'),
	(6, 1, 'Thành phố Long Xuyên', 'LX'),
	(7, 1, 'Huyện Phú Tân', 'PT'),
	(8, 1, 'Huyện Tịnh Biên', 'TB'),
	(9, 1, 'Thị xã Tân Châu', 'TC'),
	(10, 1, 'Huyện Thoại Sơn', 'TS'),
	(11, 1, 'Huyện Tri Tôn', 'TT'),
	(12, 2, 'Huyện An Lão', 'AL'),
	(13, 2, 'Huyện An Nhơn', 'AN'),
	(14, 2, 'Huyện Hoài Ân', 'HA'),
	(15, 2, 'Huyện Hoài Nhơn', 'HN'),
	(16, 2, 'Huyện Phù Cát', 'PC'),
	(17, 2, 'Huyện Phù Mỹ', 'PM'),
	(18, 2, 'Thành phố Quy Nhơn', 'QN'),
	(19, 2, 'Huyện Tuy Phước', 'TP'),
	(20, 2, 'Huyện Tây Sơn', 'TS'),
	(21, 2, 'Huyện Vân Canh', 'VC'),
	(22, 2, 'Huyện Vĩnh Thạnh', 'VT'),
	(23, 3, 'Thành phố Bắc Giang', 'BG'),
	(24, 3, 'Huyện Hiệp Hòa', 'HH'),
	(25, 3, 'Huyện Lạng Giang', 'LG'),
	(26, 3, 'Huyện Lục Nam', 'LM'),
	(27, 3, 'Huyện Lục Ngạn', 'LN'),
	(28, 3, 'Huyện Sơn Động', 'SD'),
	(29, 3, 'Huyện Tân Yên', 'TY'),
	(30, 3, 'Huyện Việt Yên', 'VY'),
	(31, 3, 'Huyện Yên Dũng', 'YD'),
	(32, 3, 'Huyện Yên Thế', 'YT'),
	(33, 4, 'Huyện Bến Cát', 'BC'),
	(34, 4, 'Thị xã Dĩ An', 'DA'),
	(35, 4, 'Huyện Dầu Tiếng', 'DT'),
	(36, 4, 'Huyện Phú Giáo', 'PG'),
	(37, 4, 'Thị xã Thuận An', 'TA'),
	(38, 4, 'Thị xã Thủ Dầu Một', 'TD'),
	(39, 4, 'Huyện Tân Uyên', 'TU'),
	(40, 5, 'Huyện Ba Bể', 'BB'),
	(41, 5, 'Thị xã Bắc Kạn', 'BK'),
	(42, 5, 'Huyện Bạch Thông', 'BT'),
	(43, 5, 'Huyện Chợ Đồn', 'CD'),
	(44, 5, 'Huyện Chợ Mới', 'CM'),
	(45, 5, 'Huyện Na Rì', 'NR'),
	(46, 5, 'Huyện Ngân Sơn', 'NS'),
	(47, 5, 'Huyện Pác Nặm', 'PN'),
	(48, 6, 'Thành phố Bạc Liêu', 'BL'),
	(49, 6, 'Huyện Đông Hải', 'DH'),
	(50, 6, 'Huyện Giá Rai', 'GR'),
	(51, 6, 'Huyện Hòa Bình', 'HB'),
	(52, 6, 'Huyện Hồng Dân', 'HD'),
	(53, 6, 'Huyện Phước Long', 'PL'),
	(54, 6, 'Huyện Vĩnh Lợi', 'VL'),
	(55, 7, 'Thành phố Bắc Ninh', 'BN'),
	(56, 7, 'Huyện Gia Bình', 'GB'),
	(57, 7, 'Huyện Lương Tài', 'LT'),
	(58, 7, 'Huyện Quế Võ', 'QV'),
	(59, 7, 'Huyện Tiên Du', 'TD'),
	(60, 7, 'Thị xã Từ Sơn', 'TS'),
	(61, 7, 'Huyện Thuận Thành', 'TT'),
	(62, 7, 'Huyện Yên Phong', 'YP'),
	(63, 8, 'Huyện Bù Đăng', 'BD'),
	(64, 8, 'Huyện Bù Gia Mập', 'BG'),
	(65, 8, 'Thị xã Bình Long', 'BL'),
	(66, 8, 'Huyện Bù Đốp', 'BP'),
	(67, 8, 'Huyện Chơn Thành', 'CT'),
	(68, 8, 'Huyện Đồng Phú', 'DP'),
	(69, 8, 'Thị xã Đồng Xoài', 'DX'),
	(70, 8, 'Huyện Hớn Quản', 'HQ'),
	(71, 8, 'Huyện Lộc Ninh', 'LN'),
	(72, 8, 'Thị xã Phước Long', 'PL'),
	(73, 9, 'Huyện Ba Tri', 'BA'),
	(74, 9, 'Huyện Bình Đại', 'BD'),
	(75, 9, 'Thành phố Bến Tre', 'BE'),
	(76, 9, 'Huyện Chợ Lách', 'CL'),
	(77, 9, 'Huyện Châu Thành', 'CT'),
	(78, 9, 'Huyện Giồng Trôm', 'GT'),
	(79, 9, 'Huyện Mỏ Cày Bắc', 'MB'),
	(80, 9, 'Huyện Mỏ Cày Nam', 'MC'),
	(81, 9, 'Huyện Thạnh Phú', 'TP'),
	(82, 10, 'Huyện Bắc Bình', 'BB'),
	(83, 10, 'Huyện Đức Linh', 'DL'),
	(84, 10, 'Huyện Hàm Thuận Bắc', 'HB'),
	(85, 10, 'Huyện Hàm Thuận Nam', 'HN'),
	(86, 10, 'Huyện Hàm Tân', 'HT'),
	(87, 10, 'Thị xã La Gi', 'LG'),
	(88, 10, 'Huyện đảo Phú Quý', 'PQ'),
	(89, 10, 'Thành phố Phan Thiết', 'PT'),
	(90, 10, 'Huyện Tánh Linh', 'TL'),
	(91, 10, 'Huyện Tuy Phong', 'TP'),
	(92, 11, 'Thị xã Bà Rịa', 'BR'),
	(93, 11, 'Huyện Châu Đức', 'CC'),
	(94, 11, 'Huyện Côn Đảo', 'CO'),
	(95, 11, 'Huyện Đất Đỏ', 'DD'),
	(96, 11, 'Huyện Long Điền', 'LD'),
	(97, 11, 'Huyện Tân Thành', 'TT'),
	(98, 11, 'Thành phố Vũng Tàu', 'VT'),
	(99, 11, 'Huyện Xuyên Mộc', 'XM'),
	(100, 12, 'Huyện Bảo Lạc', 'BC'),
	(101, 12, 'Huyện Bảo Lâm', 'BM'),
	(102, 12, 'Thị xã Cao Bằng', 'CB'),
	(103, 12, 'Huyện Hòa An', 'HA'),
	(104, 12, 'Huyện Hạ Lang', 'HL'),
	(105, 12, 'Huyện Hà Quảng', 'HQ'),
	(106, 12, 'Huyện Nguyên Bình', 'NB'),
	(107, 12, 'Huyện Phục Hòa', 'PH'),
	(108, 12, 'Huyện Quảng Uyên', 'QY'),
	(109, 12, 'Huyện Thạch An', 'TA'),
	(110, 12, 'Huyện Trùng Khánh', 'TK'),
	(111, 12, 'Huyện Trà Lĩnh', 'TL'),
	(112, 12, 'Huyện Thông Nông', 'TN'),
	(113, 13, 'Thành phố Cà Mau', 'CM'),
	(114, 13, 'Huyện Cái Nước', 'CN'),
	(115, 13, 'Huyện Đầm Dơi', 'DD'),
	(116, 13, 'Huyện Năm Căn', 'NC'),
	(117, 13, 'Huyện Ngọc Hiển', 'NH'),
	(118, 13, 'Huyện Phú Tân', 'PT'),
	(119, 13, 'Huyện Thới Bình', 'TB'),
	(120, 13, 'Huyện Trần Văn Thời', 'TV'),
	(121, 13, 'Huyện U Minh', 'UM'),
	(122, 14, 'Quận Bình Thủy', 'BT'),
	(123, 14, 'Huyện Cờ Đỏ', 'CD'),
	(124, 14, 'Quận Cái Răng', 'CR'),
	(125, 14, 'Quận Ninh Kiều', 'NK'),
	(126, 14, 'Quận Ô Môn', 'OM'),
	(127, 14, 'Huyện Phong Điền', 'PD'),
	(128, 14, 'Huyện Thới Lai', 'TL'),
	(129, 14, 'Quận Thốt Nốt', 'TN'),
	(130, 14, 'Huyện Vĩnh Thạnh', 'VT'),
	(131, 15, 'Quận Cẩm Lệ', 'CL'),
	(132, 15, 'Quận Hải Châu', 'HC'),
	(133, 15, 'Huyện đảo Hoàng Sa', 'HS'),
	(134, 15, 'Huyện Hòa Vang', 'HV'),
	(135, 15, 'Quận Liên Chiểu', 'LC'),
	(136, 15, 'Quận Ngũ Hành Sơn', 'NH'),
	(137, 15, 'Quận Sơn Trà', 'ST'),
	(138, 15, 'Quận Thanh Khê', 'TK'),
	(139, 16, 'Huyện Điện Biên', 'DB'),
	(140, 16, 'Huyện Điện Biên Đông', 'DD'),
	(141, 16, 'Thành phố Điện Biên Phủ', 'DP'),
	(142, 16, 'Huyện Mường Ảng', 'MA'),
	(143, 16, 'Huyện Mường Chà', 'MC'),
	(144, 16, 'Thị xã Mường Lay', 'ML'),
	(145, 16, 'Huyện Mường Nhé', 'MN'),
	(146, 16, 'Huyện Tủa Chùa', 'TC'),
	(147, 16, 'Huyện Tuần Giáo', 'TG'),
	(148, 17, 'Huyện Buôn Đôn', 'BD'),
	(149, 17, 'Thị Xã Buôn Hồ', 'BH'),
	(150, 17, 'Thành phố Buôn Ma Thuột', 'BM'),
	(151, 17, 'Huyện Cư Kuin', 'CK'),
	(152, 17, 'Huyện Cư M\'Gar', 'CM'),
	(153, 17, 'Huyện Ea H\'Leo', 'EH'),
	(154, 17, 'Huyện Ea Kar', 'EK'),
	(155, 17, 'Huyện Ea Súp', 'ES'),
	(156, 17, 'Huyện Krông Ana', 'KA'),
	(157, 17, 'Huyện Krông Bông', 'KB'),
	(158, 17, 'Huyện Krông Buk', 'KK'),
	(159, 17, 'Huyện Krông Năng', 'KN'),
	(160, 17, 'Huyện Krông Păc', 'KP'),
	(161, 17, 'Huyện Lắk', 'LA'),
	(162, 17, 'Huyện M\'Đrắk', 'MD'),
	(163, 18, 'Thành phố Biên Hòa', 'BH'),
	(164, 18, 'Huyện Cẩm Mỹ', 'CM'),
	(165, 18, 'Huyện Định Quán', 'DQ'),
	(166, 18, 'Thị xã Long Khánh', 'LK'),
	(167, 18, 'Huyện Long Thành', 'LT'),
	(168, 18, 'Huyện Nhơn Trạch', 'NT'),
	(169, 18, 'Huyện Trảng Bom', 'TB'),
	(170, 18, 'Huyện Thống Nhất', 'TN'),
	(171, 18, 'Huyện Tân Phú', 'TP'),
	(172, 18, 'Huyện Vĩnh Cửu', 'VC'),
	(173, 18, 'Huyện Xuân Lộc', 'XL'),
	(174, 19, 'Huyện Cư Jút', 'CJ'),
	(175, 19, 'Huyện Đắk Mil', 'DM'),
	(176, 19, 'Huyện Đắk Glong', 'DN'),
	(177, 19, 'Huyện Đắk R\'Lấp', 'DR'),
	(178, 19, 'Huyện Đắk Song', 'DS'),
	(179, 19, 'Thị xã Gia Nghĩa', 'GN'),
	(180, 19, 'Huyện Krông Nô', 'KN'),
	(181, 19, 'Huyện Tuy Đức', 'TD'),
	(182, 20, 'Thành phố Cao Lãnh', 'CH'),
	(183, 20, 'Huyện Cao Lãnh', 'CL'),
	(184, 20, 'Huyện Châu Thành', 'CT'),
	(185, 20, 'Huyện Hồng Ngự', 'HN'),
	(186, 20, 'Thị Xã Hồng Ngự', 'HU'),
	(187, 20, 'Huyện Lấp Vò', 'LP'),
	(188, 20, 'Huyện Lai Vung', 'LV'),
	(189, 20, 'Thị xã Sa Đéc', 'SD'),
	(190, 20, 'Huyện Thanh Bình', 'TB'),
	(191, 20, 'Huyện Tân Hồng', 'TH'),
	(192, 20, 'Huyện Tháp Mười', 'TM'),
	(193, 20, 'Huyện Tam Nông', 'TN'),
	(194, 21, 'Thị xã An Khê', 'AK'),
	(195, 21, 'Thị xã Ayun Pa', 'AP'),
	(196, 21, 'Huyện Chư Prông', 'CG'),
	(197, 21, 'Huyện Chư Păh', 'CH'),
	(198, 21, 'Huyện Chư Sê', 'CS'),
	(199, 21, 'Huyện Chư Pưh', 'CU'),
	(200, 21, 'Huyện Đức Cơ', 'DC'),
	(201, 21, 'Huyện Đăk Đoa', 'DD'),
	(202, 21, 'Huyện Đăk Pơ', 'DP'),
	(203, 21, 'Huyện Ia Grai', 'IG'),
	(204, 21, 'Huyện Ia Pa', 'IP'),
	(205, 21, 'Huyện Kbang', 'KB'),
	(206, 21, 'Huyện Kông Chro', 'KC'),
	(207, 21, 'Huyện Krông Pa', 'KP'),
	(208, 21, 'Huyện Mang Yang', 'MY'),
	(209, 21, 'Thành phố Pleiku', 'PL'),
	(210, 21, 'Huyện Phú Thiện', 'PT'),
	(211, 22, 'Huyện Bình Chánh', 'BC'),
	(212, 22, 'Quận Bình Thạnh', 'BH'),
	(213, 22, 'Quận Bình Tân', 'BT'),
	(214, 22, 'Huyện Củ Chi', 'CC'),
	(215, 22, 'Huyện Cần Giờ', 'CG'),
	(216, 22, 'Quận Gò Vấp', 'GV'),
	(217, 22, 'Huyện Hóc Môn', 'HM'),
	(218, 22, 'Huyện Nhà Bè', 'NB'),
	(219, 22, 'Quận Phú Nhuận', 'PN'),
	(220, 22, 'Quận 1', 'QA'),
	(221, 22, 'Quận 2', 'QB'),
	(222, 22, 'Quận 3', 'QC'),
	(223, 22, 'Quận 4', 'QD'),
	(224, 22, 'Quận 5', 'QE'),
	(225, 22, 'Quận 6', 'QF'),
	(226, 22, 'Quận 7', 'QG'),
	(227, 22, 'Quận 8', 'QH'),
	(228, 22, 'Quận 9', 'QI'),
	(229, 22, 'Quận 10', 'QJ'),
	(230, 22, 'Quận 11', 'QK'),
	(231, 22, 'Quận 12', 'QL'),
	(232, 22, 'Quận Tân Bình', 'TB'),
	(233, 22, 'Quận Thủ Đức', 'TD'),
	(234, 22, 'Quận Tân Phú', 'TP'),
	(235, 23, 'Huyện Bình Giang', 'BG'),
	(236, 23, 'Huyện Cẩm Giàng', 'CG'),
	(237, 23, 'Thị xã Chí Linh', 'CL'),
	(238, 23, 'Huyện Gia Lộc', 'GL'),
	(239, 23, 'Thành phố Hải Dương', 'HD'),
	(240, 23, 'Huyện Kinh Môn', 'KM'),
	(241, 23, 'Huyện Kim Thành', 'KT'),
	(242, 23, 'Huyện Ninh Giang', 'NG'),
	(243, 23, 'Huyện Nam Sách', 'NS'),
	(244, 23, 'Huyện Thanh Hà', 'TH'),
	(245, 23, 'Huyện Tứ Kỳ', 'TK'),
	(246, 23, 'Huyện Thanh Miện', 'TM'),
	(247, 24, 'Huyện Bắc Mê', 'BM'),
	(248, 24, 'Huyện Bắc Quang', 'BQ'),
	(249, 24, 'Huyện Đồng Văn', 'DV'),
	(250, 24, 'Thành phố Hà Giang', 'HG'),
	(251, 24, 'Huyện Hoàng Su Phì', 'HS'),
	(252, 24, 'Huyện Mèo Vạc', 'MV'),
	(253, 24, 'Huyện Quản Bạ', 'QB'),
	(254, 24, 'Huyện Quang Bình', 'QG'),
	(255, 24, 'Huyện Vị Xuyên', 'VX'),
	(256, 24, 'Huyện Xín Mần', 'XM'),
	(257, 24, 'Huyện Yên Minh', 'YM'),
	(258, 25, 'Huyện Bình Lục', 'BL'),
	(259, 25, 'Huyện Duy Tiên', 'DT'),
	(260, 25, 'Huyện Kim Bảng', 'KB'),
	(261, 25, 'Huyện Lý Nhân', 'LN'),
	(262, 25, 'Thành phố Phủ Lý', 'PL'),
	(263, 25, 'Huyện Thanh Liêm', 'TL'),
	(264, 26, 'Quận Ba Đình', 'BD'),
	(265, 26, 'Quận Cầu Giấy', 'CG'),
	(266, 26, 'Huyện Đông Anh', 'DA'),
	(267, 26, 'Quận Đống Đa', 'DD'),
	(268, 26, 'Huyện Gia Lâm', 'GL'),
	(269, 26, 'Quận Hai Bà Trưng', 'HB'),
	(270, 26, 'Quận Hoàn Kiếm', 'HK'),
	(271, 26, 'Quận Hoàng Mai', 'HM'),
	(272, 26, 'Quận Long Biên', 'LB'),
	(273, 26, 'Huyện Sóc Sơn', 'SS'),
	(274, 26, 'Quận Tây Hồ', 'TH'),
	(275, 26, 'Huyện Từ Liêm', 'TL'),
	(276, 26, 'Huyện Thanh Trì', 'TT'),
	(277, 26, 'Quận Thanh Xuân', 'TX'),
	(278, 26, 'Huyện Ba Vì', 'BV'),
	(279, 26, 'Huyện Chương Mỹ', 'CM'),
	(280, 26, 'Huyện Đan Phượng', 'DP'),
	(281, 26, 'Huyện Hoài Đức', 'HC'),
	(282, 26, 'Quận Hà Đông', 'HG'),
	(283, 26, 'Huyện Mỹ Đức', 'MD'),
	(284, 26, 'Huyện Mê Linh', 'ML'),
	(285, 26, 'Huyện Phúc Thọ', 'PT'),
	(286, 26, 'Huyện Phú Xuyên', 'PX'),
	(287, 26, 'Huyện Quốc Oai', 'QO'),
	(288, 26, 'Thị xã Sơn Tây', 'ST'),
	(289, 26, 'Huyện Thạch Thất', 'TH'),
	(290, 26, 'Huyện Thường Tín', 'TN'),
	(291, 26, 'Huyện Thanh Oai', 'TO'),
	(292, 26, 'Huyện Ứng Hòa', 'UH'),
	(293, 27, 'Huyện Cao Phong', 'CP'),
	(294, 27, 'Huyện Đà Bắc', 'DR'),
	(295, 27, 'Thành phố Hòa Bình', 'HB'),
	(296, 27, 'Huyện Kim Bôi', 'KB'),
	(297, 27, 'Huyện Kỳ Sơn', 'KS'),
	(298, 27, 'Huyện Lạc Sơn', 'LC'),
	(299, 27, 'Huyện Lương Sơn', 'LG'),
	(300, 27, 'Huyện Lạc Thủy', 'LT'),
	(301, 27, 'Huyện Mai Châu', 'MC'),
	(302, 27, 'Huyện Tân Lạc', 'TL'),
	(303, 27, 'Huyện Yên Thủy', 'YT'),
	(304, 28, 'Huyện An Dương', 'AD'),
	(305, 28, 'Huyện An Lão', 'AL'),
	(306, 28, 'Huyện đảo Bạch Long Vĩ', 'BL'),
	(307, 28, 'Huyện đảo Cát Hải', 'CH'),
	(308, 28, 'Quận Dương Kinh', 'DK'),
	(309, 28, 'Quận Đồ Sơn', 'DS'),
	(310, 28, 'Quận Hải An', 'HA'),
	(311, 28, 'Quận Hồng Bàng', 'HB'),
	(312, 28, 'Quận Kiến An', 'KA'),
	(313, 28, 'Huyện Kiến Thụy', 'KT'),
	(314, 28, 'Quận Lê Chân', 'LC'),
	(315, 28, 'Quận Ngô Quyền', 'NQ'),
	(316, 28, 'Huyện Tiên Lãng', 'TL'),
	(317, 28, 'Huyện Thủy Nguyên', 'TN'),
	(318, 28, 'Huyện Vĩnh Bảo', 'VB'),
	(319, 29, 'Huyện Can Lộc', 'CL'),
	(320, 29, 'Huyện Cẩm Xuyên', 'CX'),
	(321, 29, 'Huyện Đức Thọ', 'DT'),
	(322, 29, 'Huyện Hương Khê', 'HK'),
	(323, 29, 'Thị xã Hồng Lĩnh', 'HL'),
	(324, 29, 'Huyện Hương Sơn', 'HS'),
	(325, 29, 'Thành phố Hà Tĩnh', 'HT'),
	(326, 29, 'Huyện Kỳ Anh', 'KA'),
	(327, 29, 'Huyện Lộc Hà', 'LH'),
	(328, 29, 'Huyện Nghi Xuân', 'NX'),
	(329, 29, 'Huyện Thạch Hà', 'TH'),
	(330, 29, 'Huyện Vũ Quang', 'VQ'),
	(331, 30, 'Huyện Châu Thành A', 'CA'),
	(332, 30, 'Huyện Châu Thành', 'CT'),
	(333, 30, 'Huyện Long Mỹ', 'LM'),
	(334, 30, 'Thị xã Ngã Bảy', 'NB'),
	(335, 30, 'Huyện Phụng Hiệp', 'PH'),
	(336, 30, 'Thành phố Vị Thanh', 'VH'),
	(337, 30, 'Huyện Vị Thủy', 'VY'),
	(338, 31, 'Huyện Ân Thi', 'AT'),
	(339, 31, 'Thành phố Hưng Yên', 'HY'),
	(340, 31, 'Huyện Khoái Châu', 'KC'),
	(341, 31, 'Huyện Kim Động', 'KD'),
	(342, 31, 'Huyện Mỹ Hào', 'MH'),
	(343, 31, 'Huyện Phù Cừ', 'PC'),
	(344, 31, 'Huyện Tiên Lữ', 'TL'),
	(345, 31, 'Huyện Văn Giang', 'VG'),
	(346, 31, 'Huyện Văn Lâm', 'VL'),
	(347, 31, 'Huyện Yên Mỹ', 'YM'),
	(348, 32, 'Huyện An Biên', 'AB'),
	(349, 32, 'Huyện An Minh', 'AM'),
	(350, 32, 'Huyện Châu Thành', 'CT'),
	(351, 32, 'Huyện Gò Quao', 'GQ'),
	(352, 32, 'Huyện Giồng Riềng', 'GR'),
	(353, 32, 'Huyện Giang Thành', 'GT'),
	(354, 32, 'Huyện Hòn Đất', 'HD'),
	(355, 32, 'Thị xã Hà Tiên', 'HT'),
	(356, 32, 'Huyện Kiên Hải', 'KH'),
	(357, 32, 'Huyện Kiên Lương', 'KL'),
	(358, 32, 'Huyện Phú Quốc', 'PQ'),
	(359, 32, 'Thành phố Rạch Giá', 'RG'),
	(360, 32, 'Huyện Tân Hiệp', 'TH'),
	(361, 32, 'Huyện U Minh Thượng', 'UM'),
	(362, 32, 'Huyện Vĩnh Thuận', 'VT'),
	(363, 33, 'Huyện Cam Lâm', 'CL'),
	(364, 33, 'Thành phố Cam Ranh', 'CR'),
	(365, 33, 'Huyện Diên Khánh', 'DK'),
	(366, 33, 'Huyện Khánh Sơn', 'KS'),
	(367, 33, 'Huyện Khánh Vĩnh', 'KV'),
	(368, 33, 'Thị xã Ninh Hòa', 'NH'),
	(369, 33, 'Thành phố Nha Trang', 'NT'),
	(370, 33, 'Huyện đảo Trường Sa', 'TS'),
	(371, 33, 'Huyện Vạn Ninh', 'VN'),
	(372, 34, 'Huyện Đắk Glei', 'DG'),
	(373, 34, 'Huyện Đắk Hà', 'DH'),
	(374, 34, 'Huyện Đắk Tô', 'DT'),
	(375, 34, 'Huyện Kon Plông', 'KP'),
	(376, 34, 'Huyện Kon Rẫy', 'KR'),
	(377, 34, 'Thành phố Kon Tum', 'KT'),
	(378, 34, 'Huyện Ngọc Hồi', 'NH'),
	(379, 34, 'Huyện Sa Thầy', 'ST'),
	(380, 34, 'Huyện Tu Mơ Rông', 'TM'),
	(381, 35, 'Huyện Bến Lức', 'BL'),
	(382, 35, 'Huyện Cần Đước', 'CD'),
	(383, 35, 'Huyện Cần Giuộc', 'CG'),
	(384, 35, 'Huyện Châu Thành', 'CT'),
	(385, 35, 'Huyện Đức Hòa', 'DO'),
	(386, 35, 'Huyện Đức Huệ', 'DU'),
	(387, 35, 'Huyện Mộc Hóa', 'MH'),
	(388, 35, 'Thành phố Tân An', 'TA'),
	(389, 35, 'Huyện Tân Hưng', 'TG'),
	(390, 35, 'Huyện Thạnh Hóa', 'TH'),
	(391, 35, 'Huyện Tân Trụ', 'TR'),
	(392, 35, 'Huyện Tân Thạnh', 'TT'),
	(393, 35, 'Huyện Thủ Thừa', 'TU'),
	(394, 35, 'Huyện Vĩnh Hưng', 'VH'),
	(395, 36, 'Thành phố Bảo Lộc', 'BC'),
	(396, 36, 'Huyện Bảo Lâm', 'BM'),
	(397, 36, 'Huyện Cát Tiên', 'CT'),
	(398, 36, 'Huyện Đức Trọng', 'DC'),
	(399, 36, 'Huyện Đơn Dương', 'DD'),
	(400, 36, 'Huyện Đạ Huoai', 'DH'),
	(401, 36, 'Huyện Di Linh', 'DI'),
	(402, 36, 'Thành phố Đà Lạt', 'DL'),
	(403, 36, 'Huyện Đam Rông', 'DR'),
	(404, 36, 'Huyện Đạ Tẻh', 'DT'),
	(405, 36, 'Huyện Lạc Dương', 'LD'),
	(406, 36, 'Huyện Lâm Hà', 'LH'),
	(407, 37, 'Thị xã Lai Châu', 'LC'),
	(408, 37, 'Huyện Mường Tè', 'MT'),
	(409, 37, 'Huyện Phong Thổ', 'PT'),
	(410, 37, 'Huyện Sìn Hồ', 'SH'),
	(411, 37, 'Huyện Tam Đường', 'TD'),
	(412, 37, 'Huyện Tân Uyên', 'TN'),
	(413, 37, 'Huyện Than Uyên', 'TU'),
	(414, 38, 'Huyện Bắc Hà', 'BH'),
	(415, 38, 'Huyện Bảo Thắng', 'BT'),
	(416, 38, 'Huyện Bát Xát', 'BX'),
	(417, 38, 'Huyện Bảo Yên', 'BY'),
	(418, 38, 'Thành phố Lào Cai', 'LC'),
	(419, 38, 'Huyện Mường Khương', 'MK'),
	(420, 38, 'Huyện Si Ma Cai', 'SM'),
	(421, 38, 'Huyện Sa Pa', 'SP'),
	(422, 38, 'Huyện Văn Bàn', 'VB'),
	(423, 39, 'Huyện Bình Gia', 'BG'),
	(424, 39, 'Huyện Bắc Sơn', 'BS'),
	(425, 39, 'Huyện Cao Lộc', 'CA'),
	(426, 39, 'Huyện Chi Lăng', 'CH'),
	(427, 39, 'Huyện Đình Lập', 'DL'),
	(428, 39, 'Huyện Hữu Lũng', 'HL'),
	(429, 39, 'Huyện Lộc Bình', 'LB'),
	(430, 39, 'Thành phố Lạng Sơn', 'LS'),
	(431, 39, 'Huyện Tràng Định', 'TD'),
	(432, 39, 'Huyện Văn Lãng', 'VL'),
	(433, 39, 'Huyện Văn Quan', 'VQ'),
	(434, 40, 'Huyện Anh Sơn', 'AS'),
	(435, 40, 'Huyện Con Cuông', 'CC'),
	(436, 40, 'Thị xã Cửa Lò', 'CL'),
	(437, 40, 'Huyện Diễn Châu', 'DC'),
	(438, 40, 'Huyện Đô Lương', 'DL'),
	(439, 40, 'Huyện Hưng Nguyên', 'HN'),
	(440, 40, 'Huyện Kỳ Sơn', 'KS'),
	(441, 40, 'Huyện Nam Đàn', 'ND'),
	(442, 40, 'Huyện Nghĩa Đàn', 'NG'),
	(443, 40, 'Huyện Nghi Lộc', 'NL'),
	(444, 40, 'Huyện Quỳ Châu', 'QC'),
	(445, 40, 'Huyện Quỳ Hợp', 'QH'),
	(446, 40, 'Huyện Quỳnh Lưu', 'QL'),
	(447, 40, 'Huyện Quế Phong', 'QP'),
	(448, 40, 'Huyện Thanh Chương', 'TC'),
	(449, 40, 'Huyện Tương Dương', 'TD'),
	(450, 40, 'Thị Xã Thái Hòa', 'TH'),
	(451, 40, 'Huyện Tân Kỳ', 'TK'),
	(452, 40, 'Thành phố Vinh', 'VI'),
	(453, 40, 'Huyện Yên Thành', 'YT'),
	(454, 41, 'Huyện Gia Viễn', 'GV'),
	(455, 41, 'Huyện Hoa Lư', 'HL'),
	(456, 41, 'Huyện Kim Sơn', 'KS'),
	(457, 41, 'Thành phố Ninh Bình', 'NB'),
	(458, 41, 'Huyện Nho Quan', 'NQ'),
	(459, 41, 'Thị xã Tam Điệp', 'TD'),
	(460, 41, 'Huyện Yên Khánh', 'YK'),
	(461, 41, 'Huyện Yên Mô', 'YM'),
	(462, 42, 'Huyện Giao Thủy', 'GT'),
	(463, 42, 'Huyện Hải Hậu', 'HH'),
	(464, 42, 'Huyện Mỹ Lộc', 'ML'),
	(465, 42, 'Thành phố Nam Định', 'ND'),
	(466, 42, 'Huyện Nghĩa Hưng', 'NH'),
	(467, 42, 'Huyện Nam Trực', 'NT'),
	(468, 42, 'Huyện Trực Ninh', 'TN'),
	(469, 42, 'Huyện Vụ Bản', 'VB'),
	(470, 42, 'Huyện Xuân Trường', 'XT'),
	(471, 42, 'Huyện Ý Yên', 'YY'),
	(472, 43, 'Huyện Bác Ái', 'BA'),
	(473, 43, 'Huyện Ninh Hải', 'NH'),
	(474, 43, 'Huyện Ninh Phước', 'NP'),
	(475, 43, 'Huyện Ninh Sơn', 'NS'),
	(476, 43, 'Thành phố Phan Rang-Tháp Chàm', 'PR'),
	(477, 43, 'Huyện Thuận Bắc', 'TB'),
	(478, 43, 'Huyện Thuận Nam', 'TN'),
	(479, 44, 'Huyện Cẩm Khê', 'CK'),
	(480, 44, 'Huyện Đoan Hùng', 'DH'),
	(481, 44, 'Huyện Hạ Hòa', 'HH'),
	(482, 44, 'Huyện Lâm Thao', 'LT'),
	(483, 44, 'Huyện Phù Ninh', 'PN'),
	(484, 44, 'Thị xã Phú Thọ', 'PT'),
	(485, 44, 'Huyện Thanh Ba', 'TB'),
	(486, 44, 'Huyện Tam Nông', 'TN'),
	(487, 44, 'Huyện Tân Sơn', 'TS'),
	(488, 44, 'Huyện Thanh Thủy', 'TT'),
	(489, 44, 'Thành phố Việt Trì', 'VT'),
	(490, 44, 'Huyện Yên Lập', 'YL'),
	(491, 45, 'Huyện Đông Hòa', 'DH'),
	(492, 45, 'Huyện Đồng Xuân', 'DX'),
	(493, 45, 'Huyện Phú Hòa', 'PH'),
	(494, 45, 'Thị Xã Sông Cầu', 'SC'),
	(495, 45, 'Huyện Sông Hinh', 'SH'),
	(496, 45, 'Huyện Sơn Hòa', 'SO'),
	(497, 45, 'Huyện Tuy An', 'TA'),
	(498, 45, 'Huyện Tây Hòa', 'TH'),
	(499, 45, 'Thành phố Tuy Hòa', 'TT'),
	(500, 46, 'Huyện Bố Trạch', 'BT'),
	(501, 46, 'Thành phố Đồng Hới', 'DH'),
	(502, 46, 'Huyện Lệ Thủy', 'LT'),
	(503, 46, 'Huyện Minh Hóa', 'MH'),
	(504, 46, 'Huyện Quảng Ninh', 'QN'),
	(505, 46, 'Huyện Quảng Trạch', 'QT'),
	(506, 46, 'Huyện Tuyên Hóa', 'TH'),
	(507, 47, 'Huyện Bình Sơn', 'BS'),
	(508, 47, 'Huyện Ba Tơ', 'BT'),
	(509, 47, 'Huyện Đức Phổ', 'DP'),
	(510, 47, 'Huyện đảo Lý Sơn', 'LS'),
	(511, 47, 'Huyện Mộ Đức', 'MD'),
	(512, 47, 'Huyện Minh Long', 'ML'),
	(513, 47, 'Huyện Nghĩa Hành', 'NH'),
	(514, 47, 'Thành phố Quảng Ngãi', 'QN'),
	(515, 47, 'Huyện Sơn Hà', 'SH'),
	(516, 47, 'Huyện Sơn Tịnh', 'SN'),
	(517, 47, 'Huyện Sơn Tây', 'SY'),
	(518, 47, 'Huyện Trà Bồng', 'TB'),
	(519, 47, 'Huyện Tư Nghĩa', 'TN'),
	(520, 47, 'Huyện Tây Trà', 'TT'),
	(521, 48, 'Huyện Bắc Trà My', 'BT'),
	(522, 48, 'Huyện Điện Bàn', 'DB'),
	(523, 48, 'Huyện Đông Giang', 'DG'),
	(524, 48, 'Huyện Đại Lộc', 'DL'),
	(525, 48, 'Huyện Duy Xuyên', 'DX'),
	(526, 48, 'Thành phố Hội An', 'HA'),
	(527, 48, 'Huyện Hiệp Đức', 'HD'),
	(528, 48, 'Huyện Nam Giang', 'NG'),
	(529, 48, 'Huyện Nam Trà My', 'NM'),
	(530, 48, 'Huyện Nông Sơn', 'NS'),
	(531, 48, 'Huyện Núi Thành', 'NT'),
	(532, 48, 'Huyện Phú Ninh', 'PN'),
	(533, 48, 'Huyện Phước Sơn', 'PS'),
	(534, 48, 'Huyện Quế Sơn', 'QS'),
	(535, 48, 'Huyện Thăng Bình', 'TB'),
	(536, 48, 'Huyện Tây Giang', 'TG'),
	(537, 48, 'Thành phố Tam Kỳ', 'TK'),
	(538, 48, 'Huyện Tiên Phước', 'TP'),
	(539, 49, 'Huyện Ba Chẽ', 'BC'),
	(540, 49, 'Huyện Bình Liêu', 'BL'),
	(541, 49, 'Thị xã Cẩm Phả', 'CP'),
	(542, 49, 'Huyện đảo Cô Tô', 'CT'),
	(543, 49, 'Huyện Đầm Hà', 'DH'),
	(544, 49, 'Huyện Đông Triều', 'DT'),
	(545, 49, 'Huyện Hoành Bồ', 'HB'),
	(546, 49, 'Huyện Hải Hà', 'HH'),
	(547, 49, 'Thành phố Hạ Long', 'HL'),
	(548, 49, 'Thành phố Móng Cái', 'MC'),
	(549, 49, 'Huyện Tiên Yên', 'TY'),
	(550, 49, 'Thị xã Uông Bí', 'UB'),
	(551, 49, 'Huyện Vân Đồn', 'VD'),
	(552, 49, 'Huyện Yên Hưng', 'YH'),
	(553, 50, 'Huyện đảo Cồn Cỏ', 'CC'),
	(554, 50, 'Huyện Cam Lộ', 'CL'),
	(555, 50, 'Huyện Đakrông', 'DA'),
	(556, 50, 'Thành phố Đông Hà', 'DH'),
	(557, 50, 'Huyện Gio Linh', 'GL'),
	(558, 50, 'Huyện Hướng Hóa', 'HH'),
	(559, 50, 'Huyện Hải Lăng', 'HL'),
	(560, 50, 'Thị xã Quảng Trị', 'QT'),
	(561, 50, 'Huyện Triệu Phong', 'TP'),
	(562, 50, 'Huyện Vĩnh Linh', 'VL'),
	(563, 51, 'Huyện Bắc Yên', 'BY'),
	(564, 51, 'Huyện Mộc Châu', 'MC'),
	(565, 51, 'Huyện Mường La', 'ML'),
	(566, 51, 'Huyện Mai Sơn', 'MS'),
	(567, 51, 'Huyện Phù Yên', 'PY'),
	(568, 51, 'Huyện Quỳnh Nhai', 'QN'),
	(569, 51, 'Huyện Sốp Cộp', 'SC'),
	(570, 51, 'Thành phố Sơn La', 'SL'),
	(571, 51, 'Huyện Sông Mã', 'SM'),
	(572, 51, 'Huyện Thuận Châu', 'TC'),
	(573, 51, 'Huyện Yên Châu', 'YC'),
	(574, 52, 'Huyện Cù Lao Dung', 'CL'),
	(575, 52, 'Huyện Châu Thành', 'CT'),
	(576, 52, 'Huyện Kế Sách', 'KS'),
	(577, 52, 'Huyện Long Phú', 'LP'),
	(578, 52, 'Huyện Mỹ Tú', 'MT'),
	(579, 52, 'Huyện Mỹ Xuyên', 'MX'),
	(580, 52, 'Huyện Ngã Năm', 'NN'),
	(581, 52, 'Thành phố Sóc Trăng', 'ST'),
	(582, 52, 'Huyện Trần Đề', 'TD'),
	(583, 52, 'Huyện Thạnh Trị', 'TT'),
	(584, 52, 'Huyện Vĩnh Châu', 'VC'),
	(585, 53, 'Huyện Đông Hưng', 'DH'),
	(586, 53, 'Huyện Hưng Hà', 'HH'),
	(587, 53, 'Huyện Kiến Xương', 'KX'),
	(588, 53, 'Huyện Quỳnh Phụ', 'QP'),
	(589, 53, 'Thành phố Thái Bình', 'TB'),
	(590, 53, 'Huyện Tiền Hải', 'TH'),
	(591, 53, 'Huyện Thái Thụy', 'TT'),
	(592, 53, 'Huyện Vũ Thư', 'VT'),
	(593, 54, 'Huyện Cái Bè', 'CB'),
	(594, 54, 'Huyện Chợ Gạo', 'CG'),
	(595, 54, 'Huyện Cai Lậy', 'CL'),
	(596, 54, 'Huyện Châu Thành', 'CT'),
	(597, 54, 'Thị xã Gò Công', 'GC'),
	(598, 54, 'Huyện Gò Công Đông', 'GD'),
	(599, 54, 'Huyện Gò Công Tây', 'GT'),
	(600, 54, 'Thành phố Mỹ Tho', 'MT'),
	(601, 54, 'Huyện Tân Phú Đông', 'TD'),
	(602, 54, 'Huyện Tân Phước', 'TP'),
	(603, 55, 'Thị xã Bỉm Sơn', 'BS'),
	(604, 55, 'Huyện Bá Thước', 'BT'),
	(605, 55, 'Huyện Cẩm Thủy', 'CT'),
	(606, 55, 'Huyện Đông Sơn', 'DS'),
	(607, 55, 'Huyện Hoằng Hóa', 'HH'),
	(608, 55, 'Huyện Hậu Lộc', 'HL'),
	(609, 55, 'Huyện Hà Trung', 'HT'),
	(610, 55, 'Huyện Lang Chánh', 'LC'),
	(611, 55, 'Huyện Mường Lát', 'ML'),
	(612, 55, 'Huyện Nông Cống', 'NC'),
	(613, 55, 'Huyện Ngọc Lặc', 'NL'),
	(614, 55, 'Huyện Nga Sơn', 'NS'),
	(615, 55, 'Huyện Như Thanh', 'NT'),
	(616, 55, 'Huyện Như Xuân', 'NX'),
	(617, 55, 'Huyện Quan Hóa', 'QH'),
	(618, 55, 'Huyện Quan Sơn', 'QS'),
	(619, 55, 'Huyện Quảng Xương', 'QX'),
	(620, 55, 'Thị xã Sầm Sơn', 'SS'),
	(621, 55, 'Huyện Tĩnh Gia', 'TG'),
	(622, 55, 'Thành phố Thanh Hóa', 'TH'),
	(623, 55, 'Huyện Thường Xuân', 'TN'),
	(624, 55, 'Huyện Triệu Sơn', 'TS'),
	(625, 55, 'Huyện Thạch Thành', 'TT'),
	(626, 55, 'Huyện Thiệu Hóa', 'TU'),
	(627, 55, 'Huyện Thọ Xuân', 'TX'),
	(628, 55, 'Huyện Vĩnh Lộc', 'VL'),
	(629, 55, 'Huyện Yên Định', 'YD'),
	(630, 56, 'Huyện Bến Cầu', 'BC'),
	(631, 56, 'Huyện Châu Thành', 'CT'),
	(632, 56, 'Huyện Dương Minh Châu', 'DM'),
	(633, 56, 'Huyện Gò Dầu', 'GD'),
	(634, 56, 'Huyện Hòa Thành', 'HT'),
	(635, 56, 'Huyện Tân Biên', 'TB'),
	(636, 56, 'Huyện Tân Châu', 'TC'),
	(637, 56, 'Thị xã Tây Ninh', 'TN'),
	(638, 56, 'Huyện Trảng Bàng', 'TR'),
	(639, 57, 'Huyện Chiêm Hóa', 'CH'),
	(640, 57, 'Huyện Hàm Yên', 'HY'),
	(641, 57, 'Huyện Na Hang', 'NH'),
	(642, 57, 'Huyện Sơn Dương', 'SD'),
	(643, 57, 'Thành phố Tuyên Quang', 'TQ'),
	(644, 57, 'Huyện Yên Sơn', 'YS'),
	(645, 58, 'Huyện A Lưới', 'AL'),
	(646, 58, 'Thành phố Huế', 'HE'),
	(647, 58, 'Huyện Hương Trà', 'HR'),
	(648, 58, 'Thị xã Hương Thủy', 'HU'),
	(649, 58, 'Huyện Nam Đông', 'ND'),
	(650, 58, 'Huyện Phong Điền', 'PD'),
	(651, 58, 'Huyện Phú Lộc', 'PL'),
	(652, 58, 'Huyện Phú Vang', 'PV'),
	(653, 58, 'Huyện Quảng Điền', 'QD'),
	(654, 59, 'Huyện Cầu Kè', 'CK'),
	(655, 59, 'Huyện Càng Long', 'CL'),
	(656, 59, 'Huyện Cầu Ngang', 'CN'),
	(657, 59, 'Huyện Châu Thành', 'CT'),
	(658, 59, 'Huyện Duyên Hải', 'DH'),
	(659, 59, 'Huyện Tiểu Cần', 'TI'),
	(660, 59, 'Huyện Trà Cú', 'TU'),
	(661, 59, 'Thành phố Trà Vinh', 'TV'),
	(662, 60, 'Huyện Định Hóa', 'DO'),
	(663, 60, 'Huyện Đại Từ', 'DT'),
	(664, 60, 'Huyện Đồng Hỷ', 'DY'),
	(665, 60, 'Huyện Phú Bình', 'PB'),
	(666, 60, 'Huyện Phú Lương', 'PL'),
	(667, 60, 'Huyện Phổ Yên', 'PY'),
	(668, 60, 'Thị xã Sông Công', 'SC'),
	(669, 60, 'Thành phố Thái Nguyên', 'TN'),
	(670, 60, 'Huyện Võ Nhai', 'VN'),
	(671, 61, 'Huyện Bình Xuyên', 'BX'),
	(672, 61, 'Huyện Lập Thạch', 'LT'),
	(673, 61, 'Thị xã Phúc Yên', 'PY'),
	(674, 61, 'Huyện Sông Lô', 'SL'),
	(675, 61, 'Huyện Tam Đảo', 'TA'),
	(676, 61, 'Huyện Tam Dương', 'TU'),
	(677, 61, 'Huyện Vĩnh Tường', 'VT'),
	(678, 61, 'Thành phố Vĩnh Yên', 'VY'),
	(679, 61, 'Huyện Yên Lạc', 'YL'),
	(680, 62, 'Huyện Bình Minh', 'BM'),
	(681, 62, 'Huyện Bình Tân', 'BT'),
	(682, 62, 'Huyện Long Hồ', 'LH'),
	(683, 62, 'Huyện Mang Thít', 'MT'),
	(684, 62, 'Huyện Tam Bình', 'TB'),
	(685, 62, 'Huyện Trà Ôn', 'TO'),
	(686, 62, 'Thành phố Vĩnh Long', 'VL'),
	(687, 62, 'Huyện Vũng Liêm', 'VU'),
	(688, 63, 'Huyện Lục Yên', 'LY'),
	(689, 63, 'Huyện Mù Cang Chải', 'MC'),
	(690, 63, 'Thị xã Nghĩa Lộ', 'NL'),
	(691, 63, 'Huyện Trạm Tấu', 'TT'),
	(692, 63, 'Huyện Trấn Yên', 'TY'),
	(693, 63, 'Huyện Văn Chấn', 'VC'),
	(694, 63, 'Huyện Văn Yên', 'VY'),
	(695, 63, 'Thành phố Yên Bái', 'YB'),
	(696, 63, 'Huyện Yên Bình', 'YH');
/*!40000 ALTER TABLE `tbl_district` ENABLE KEYS */;

-- Dumping data for table salon.tbl_province: ~63 rows (approximately)
/*!40000 ALTER TABLE `tbl_province` DISABLE KEYS */;
INSERT INTO `tbl_province` (`id`, `country_id`, `name`, `code`, `zip_code`, `area_code`, `number_plate`) VALUES
	(1, 231, 'An Giang', 'AG', '94', '76', '67'),
	(2, 231, 'Bình Định', 'BD', '53', '56', '77'),
	(3, 231, 'Bắc Giang', 'BG', '21', '240', '98'),
	(4, 231, 'Bình Dương', 'BI', '72', '650', '61'),
	(5, 231, 'Bắc Kạn', 'BK', '17', '281', '97'),
	(6, 231, 'Bạc Liêu', 'BL', '99', '781', '94'),
	(7, 231, 'Bắc Ninh', 'B', '16', '241', '99'),
	(8, 231, 'Bình Phước', 'BP', '77', '651', '93'),
	(9, 231, 'Bến Tre', 'BR', '83', '75', '71'),
	(10, 231, 'Bình Thuận', 'BU', '62', '62', '86'),
	(11, 231, 'Bà Rịa - Vũng Tàu', 'BV', '79', '64', '72'),
	(12, 231, 'Cao Bằng', 'CB', '22', '26', '11'),
	(13, 231, 'Cà Mau', 'CM', '96', '780', '69'),
	(14, 231, 'Thành phố Cần Thơ', 'C', '92', '710', '65'),
	(15, 231, 'Thành phố Đà Nẵng', 'DA', '59', '511', '43'),
	(16, 231, 'Điện Biên', 'DB', '28', '23', '27'),
	(17, 231, 'Đắk Lắk', 'DC', '55', '500', '47'),
	(18, 231, 'Đồng Nai', 'D', '71', '61', '39,60'),
	(19, 231, 'Đắk Nông', 'DO', '55', '501', '48'),
	(20, 231, 'Đồng Tháp', 'DT', '93', '67', '66'),
	(21, 231, 'Gia Lai', 'GL', '54', '59', '81'),
	(22, 231, 'Thành phố Hồ Chí Minh', 'HC', '70-76', '8', '50-59'),
	(23, 231, 'Hải Dương', 'HD', '34', '320', '34'),
	(24, 231, 'Hà Giang', 'HG', '29', '219', '23'),
	(25, 231, 'Hà Nam', 'HM', '30', '351', '90'),
	(26, 231, 'Thành phố Hà Nội', 'H', '10-15', '4', '29-33,40'),
	(27, 231, 'Hòa Bình', 'HO', '13', '218', '28'),
	(28, 231, 'Thành phố Hải Phòng', 'HP', '35', '31', '15,16'),
	(29, 231, 'Hà Tĩnh', 'HT', '43', '39', '38'),
	(30, 231, 'Hậu Giang', 'HU', '92', '711', '95'),
	(31, 231, 'Hưng Yên', 'HY', '39', '321', '89'),
	(32, 231, 'Kiên Giang', 'KG', '95', '77', '68'),
	(33, 231, 'Khánh Hòa', 'KH', '65', '58', '79'),
	(34, 231, 'Kon Tum', 'KT', '58', '60', '82'),
	(35, 231, 'Long An', 'LA', '81', '72', '62'),
	(36, 231, 'Lâm Đồng', 'LD', '61', '630', '49'),
	(37, 231, 'Lai Châu', 'LI', '28', '23', '25'),
	(38, 231, 'Lào Cai', 'LO', '19', '20', '24'),
	(39, 231, 'Lạng Sơn', 'LS', '20', '25', '12'),
	(40, 231, 'Nghệ An', 'NA', '42', '38', '37'),
	(41, 231, 'Ninh Bình', 'NB', '40', '30', '35'),
	(42, 231, 'Nam Định', 'ND', '32', '350', '18'),
	(43, 231, 'Ninh Thuận', 'NT', '63', '68', '85'),
	(44, 231, 'Phú Thọ', 'PT', '24', '210', '19'),
	(45, 231, 'Phú Yên', 'PY', '56', '57', '78'),
	(46, 231, 'Quảng Bình', 'QB', '45', '52', '73'),
	(47, 231, 'Quảng Ngãi', 'QG', '52', '55', '76'),
	(48, 231, 'Quảng Nam', 'QM', '51', '510', '92'),
	(49, 231, 'Quảng Ninh', 'Q', '36', '33', '14'),
	(50, 231, 'Quảng Trị', 'QT', '46', '53', '74'),
	(51, 231, 'Sơn La', 'SL', '27', '22', '26'),
	(52, 231, 'Sóc Trăng', 'ST', '97', '79', '83'),
	(53, 231, 'Thái Bình', 'TB', '33', '36', '17'),
	(54, 231, 'Tiền Giang', 'TG', '82', '73', '63'),
	(55, 231, 'Thanh Hóa', 'TH', '41', '37', '36'),
	(56, 231, 'Tây Ninh', 'T', '73', '66', '70'),
	(57, 231, 'Tuyên Quang', 'TQ', '25', '27', '22'),
	(58, 231, 'Thừa Thiên - Huế', 'TT', '47', '54', '75'),
	(59, 231, 'Trà Vinh', 'TV', '90', '74', '84'),
	(60, 231, 'Thái Nguyên', 'TY', '23', '280', '20'),
	(61, 231, 'Vĩnh Phúc', 'VC', '11', '211', '88'),
	(62, 231, 'Vĩnh Long', 'VL', '91', '70', '64'),
	(63, 231, 'Yên Bái', 'YB', '26', '29', '21');
/*!40000 ALTER TABLE `tbl_province` ENABLE KEYS */;
/*!40101 SET SQL_MODE=IFNULL(@OLD_SQL_MODE, '') */;
/*!40014 SET FOREIGN_KEY_CHECKS=IF(@OLD_FOREIGN_KEY_CHECKS IS NULL, 1, @OLD_FOREIGN_KEY_CHECKS) */;
/*!40101 SET CHARACTER_SET_CLIENT=@OLD_CHARACTER_SET_CLIENT */;
